Accession	Title	Series Type	Taxonomy	Sample Count	Datasets	Supplementary Types	Supplementary Links	PubMed ID	SRA Accession	Contact	Release Date
GSE1898	"Human Hepatocellular Carcinoma study"	"Expression profiling by array"	"Homo sapiens"	182				15565109;16532004		"Snorri S Thorgeirsson"	"Oct 28, 2004"
GSE1902	"Cancer Genome Anatomy Project (CGAP) Human LongSAGE"	"Expression profiling by SAGE"	"Homo sapiens"	88				11257097;12119410		"Cancer Genome Anatomy Project CGAP"	"Oct 28, 2004"
GSE1864	"A genomic view of estrogen actions in human breast cancer cells"	"Expression profiling by array"	"Homo sapiens"	25				15171711		"Angelo Facchiano"	"Oct 27, 2004"
GSE1880	"Role of LANA in KSHV latent infection"	"Expression profiling by array"	"Homo sapiens"	23	GDS988;GDS989	"CEL;EXP"	"ftp://ftp.ncbi.nlm.nih.gov/geo/series/GSE1nnn/GSE1880/suppl"	15525642;16641275		"Feng-Qi An"	"Oct 27, 2004"
GSE444	"Effect of Vitamin D on gene expression by CaCO2 cells"	"Expression profiling by array"	"Homo sapiens"	10	GDS1847			14996990		"Larry Allen Sonna"	"Oct 26, 2004"
GSE1869	"Ischemic and Nonischemic CM and NF Hearts"	"Expression profiling by array"	"Homo sapiens"	37	GDS1362	"CEL"	"ftp://ftp.ncbi.nlm.nih.gov/geo/series/GSE1nnn/GSE1869/suppl"	15769906		"Michelle Kittleson"	"Oct 26, 2004"
GSE1841	"BAC CGH array profiling using Phi29-amplified microdissected samples"	"Genome variation profiling by genome tiling array"	"Homo sapiens"	14				15514107		"Joana Cardoso"	"Oct 23, 2004"
GSE1853	"interaction with bacteria or bacterial supernatant"	"Expression profiling by array"	"Homo sapiens"	12				15598879		"Chimene Moreilhon"	"Oct 23, 2004"
GSE1865	"Transcriptome analysis of monocytic leukemia cell differentiation"	"Expression profiling by SAGE"	"Homo sapiens"	2				12213207		"David Piquemal"	"Oct 23, 2004"
GSE1866	"Human Reticulocyte"	"Expression profiling by SAGE"	"Homo sapiens"	1				15590392		"David Piquemal"	"Oct 23, 2004"
GSE1322	"laughter regulates postprandial blood glucose levels and gene expression"	"Expression profiling by array"	"Homo sapiens"	21				16361876		"Toshiro Saito"	"Oct 21, 2004"
GSE1848	"lung and tonsillar mast cells"	"Expression profiling by array"	"Homo sapiens"	6				15470070		"Yoshimichi Okayama"	"Oct 20, 2004"
GSE1845	"Melanoma cell lines"	"Expression profiling by array"	"Homo sapiens"	5	GDS1314			15967107		"Martin Bilban"	"Oct 19, 2004"
GSE1319	"Immunohistochemical and Clinical Characterization of the Basal-like Subtype"	"Expression profiling by array"	"Homo sapiens"	3				15328174		"Charles M. Perou"	"Oct 15, 2004"
GSE1764	"Effect of Oxandrolone on Muscle in Duchenne Muscular Dystrophy"	"Expression profiling by array"	"Homo sapiens"	12	GDS1333;GDS1334			16263771		"Robert C. Olney"	"Oct 15, 2004"
GSE1549	"Intestinal cells infected with Vibrio cholerae"	"Expression profiling by array"	"Homo sapiens"	24				15213169		"James Kaper"	"Oct 14, 2004"
GSE1801	"Human hematopoietic stem cell engraftment in goat"	"Expression profiling by array"	"Capra hircus;Homo sapiens"	23	GDS1023			16682618		"Don Baldwin"	"Oct 14, 2004"
GSE1832	"Time and Exercise effects on Human Skeletal Muscle"	"Expression profiling by array"	"Homo sapiens"	15	GDS894	"CEL"	"ftp://ftp.ncbi.nlm.nih.gov/geo/series/GSE1nnn/GSE1832/suppl"	14519196		"Alexander C Zambon"	"Oct 14, 2004"
GSE1836	"Comparison of native versus cultured RPE cells"	"Expression profiling by array"	"Homo sapiens"	20				16234463		"James T Handa"	"Oct 13, 2004"
GSE1823	"IL-2 transfection of A673-cells"	"Expression profiling by array"	"Homo sapiens"	9	GDS918			15170886;15548687		"Martin Sebastian Staege"	"Oct 11, 2004"
GSE1824	"Neuroblastoma cell lines"	"Expression profiling by array"	"Homo sapiens"	4	GDS1548	"CEL"	"ftp://ftp.ncbi.nlm.nih.gov/geo/series/GSE1nnn/GSE1824/suppl"	15548687;18435455		"Martin Sebastian Staege"	"Oct 11, 2004"
GSE1825	"SRBCT"	"Expression profiling by array"	"Homo sapiens"	10	GDS1713	"CEL;TXT"	"ftp://ftp.ncbi.nlm.nih.gov/geo/series/GSE1nnn/GSE1825/suppl"	15548687;19502792		"Martin Sebastian Staege"	"Oct 11, 2004"
GSE923	"Pseudomonas aeruginosa infection of Calu-3 human lung epithelial cells"	"Expression profiling by array"	"Homo sapiens"	19	GDS858			15494517		"Josyf Mychaleckyj"	"Oct 08, 2004"
GSE1822	"EWS-FLI1-transfection of HEK293"	"Expression profiling by array"	"Homo sapiens"	9	GDS916			15548687		"Christoph Hutter"	"Oct 07, 2004"
GSE1810	"CHIP Analysis - c-Jun/ATF2"	"Genome binding/occupancy profiling by genome tiling array"	"Homo sapiens"	28				15546613		"Yipeng Wang"	"Oct 06, 2004"
GSE1541	"A549 parenchymal cell activation"	"Expression profiling by array"	"Homo sapiens"	20	GDS852	"CEL;EXP"	"ftp://ftp.ncbi.nlm.nih.gov/geo/series/GSE1nnn/GSE1541/suppl"	15454581		"Claudia Chimisso dos Santos"	"Oct 03, 2004"
GSE1551	"dermatomyositis"	"Expression profiling by array"	"Homo sapiens"	23				15852401		"Steven Alan Greenberg"	"Oct 01, 2004"
GSE1647	"Prediction of toxicant-specific gene expression signatures following chemotherapeutic treatment of breast cell lines"	"Expression profiling by array"	"Homo sapiens"	83	GDS1627			15598611		"Charles M. Perou"	"Sep 28, 2004"
GSE1743	"De novo kidney transplantation without use of calcineurin inhibitors preserves renal structure and function"	"Expression profiling by array"	"Homo sapiens"	41	GDS987			15476476		"Sunil Kurian"	"Sep 23, 2004"
GSE1778	"ENCODE: GWLA of TAF1, RNA PolII binding in four cell lines"	"Genome binding/occupancy profiling by genome tiling array"	"Homo sapiens"	24		"TIFF;TXT"	"ftp://ftp.ncbi.nlm.nih.gov/geo/series/GSE1nnn/GSE1778/suppl"	15899964;17571346		"Chunxu Qu"	"Sep 21, 2004"
GSE997	"Essential Thrombocythemia megakaryocytes versus normal megakaryocytes"	"Expression profiling by array"	"Homo sapiens"	2	GDS761			15271793		"Elena Tenedini"	"Sep 17, 2004"
GSE1746	"CD14+ cell analysis"	"Expression profiling by array"	"Homo sapiens"	10	GDS781	"CEL"	"ftp://ftp.ncbi.nlm.nih.gov/geo/series/GSE1nnn/GSE1746/suppl"			"Lynn Graf"	"Sep 15, 2004"
GSE1740	"Tassiulas IFN Array v1.0"	"Expression profiling by array"	"Homo sapiens"	12	GDS776			15467722		"Ioannis Tassiulas"	"Sep 09, 2004"
GSE1725	"Toxicity from radiation therapy associated with abnormal transcriptional responses to DNA damage"	"Expression profiling by array"	"Homo sapiens"	171	GDS968			15096622		"Wan-Jen Hong"	"Sep 06, 2004"
GSE1726	"Rosetta_Merck_CEPH_Study"	"Expression profiling by array"	"Homo sapiens"	167	GDS1048			15514893		"Stephanie A Santorico"	"Sep 04, 2004"
GSE1635	"MicroRNA expression patterns in mouse tissues and staged embryos"	"Non-coding RNA profiling by array"	"Homo sapiens;Mus musculus"	35				15782152		"Scott M Hammond"	"Sep 02, 2004"
GSE1719	"Macular Degeneration"	"Expression profiling by array"	"Homo sapiens"	36	GDS963	"CEL"	"ftp://ftp.ncbi.nlm.nih.gov/geo/series/GSE1nnn/GSE1719/suppl"	16109308		"Eric Hoffman"	"Sep 02, 2004"
GSE1132	"IFN-Gamma keratinocytes"	"Expression profiling by array"	"Homo sapiens"	34				15145801		"Anton Petrov"	"Sep 01, 2004"
GSE1323	"Isogenic primary tumor/metastasis comparison"	"Expression profiling by array"	"Homo sapiens"	6	GDS756	"CEL;EXP"	"ftp://ftp.ncbi.nlm.nih.gov/geo/series/GSE1nnn/GSE1323/suppl"	16531451		"Alessandro Provenzani"	"Sep 01, 2004"
GSE1577	"T-ALL and T-lymphoblastic lymphoma"	"Expression profiling by array"	"Homo sapiens"	29		"CEL"	"ftp://ftp.ncbi.nlm.nih.gov/geo/series/GSE1nnn/GSE1577/suppl"	16358311		"Dong-Joon Min"	"Sep 01, 2004"
GSE1704	"Epithelial cells in contact with bacterial supernatant"	"Expression profiling by array"	"Homo sapiens"	5				15598879		"Chimene Moreilhon"	"Aug 26, 2004"
GSE1703	"Determination of mRNA transcripts in HeLa cells that are regulated by RENT1"	"Expression profiling by array"	"Homo sapiens"	4	GDS705	"CEL;EXP;RPT"	"ftp://ftp.ncbi.nlm.nih.gov/geo/series/GSE1nnn/GSE1703/suppl"	15448691		"Joshua T Mendell"	"Aug 25, 2004"
GSE1644	"Leukotriene D4-triggered Transcriptome"	"Expression profiling by array"	"Homo sapiens"	4	GDS731			15322539		"Andreas Johann Richard Habenicht"	"Aug 20, 2004"
GSE1441	"Host Cell Gene Expression During HIV-1 Latency and Reactivation"	"Expression profiling by array"	"Homo sapiens"	35				15308739		"Vyjayanthi Krishnan"	"Aug 16, 2004"
GSE1443	"Host Cell Gene Expression During HIV-1 Latency in Chronically Infected Cell Lines"	"Expression profiling by array"	"Homo sapiens"	19				15308739		"Vyjayanthi Krishnan"	"Aug 16, 2004"
GSE1428	"Skeletal muscle sarcopenia"	"Expression profiling by array"	"Homo sapiens"	22		"CEL"	"ftp://ftp.ncbi.nlm.nih.gov/geo/series/GSE1nnn/GSE1428/suppl"	15687482		"Susan Kandarian"	"Aug 15, 2004"
GSE1645	"TAcKLE - Transcriptome Amplification and cDNA Labeling for Expression analysis"	"Expression profiling by array"	"Homo sapiens"	20		"TIFF"	"ftp://ftp.ncbi.nlm.nih.gov/geo/series/GSE1nnn/GSE1645/suppl"	15718295		"Joerg Schlingemann"	"Aug 13, 2004"
GSE1485	"Natural variation in human gene expression"	"Expression profiling by array"	"Homo sapiens"	355		"CEL"	"ftp://ftp.ncbi.nlm.nih.gov/geo/series/GSE1nnn/GSE1485/suppl"	15269782		"Michael Patrick Morley"	"Aug 12, 2004"
GSE1402	"Juvenile Rheumatoid Arthritis Profiles In PBMC and SFMC"	"Expression profiling by array"	"Homo sapiens"	57	GDS711	"CEL"	"ftp://ftp.ncbi.nlm.nih.gov/geo/series/GSE1nnn/GSE1402/suppl"	15150433		"Michael Barnes"	"Aug 11, 2004"
GSE1473	"Beta-catenin/GFP"	"Expression profiling by array"	"Homo sapiens"	8	GDS748			15592430		"Agnes Viale"	"Aug 11, 2004"
GSE1650	"COPD Study"	"Expression profiling by array"	"Homo sapiens"	30	GDS737	"CEL"	"ftp://ftp.ncbi.nlm.nih.gov/geo/series/GSE1nnn/GSE1650/suppl"	15374838		"Avrum Spira"	"Aug 08, 2004"
GSE1648	"Osmotic Loading of Human Intervertebral Disc Cells"	"Expression profiling by array"	"Homo sapiens"	11	GDS738	"CEL;EXP"	"ftp://ftp.ncbi.nlm.nih.gov/geo/series/GSE1nnn/GSE1648/suppl"	16133915		"Lawrence Martin Boyd"	"Aug 07, 2004"
GSE635	"Identification of novel genomic determinants of cellular drug resistance in acute lymphoblastic leukemia."	"Expression profiling by array"	"Homo sapiens"	173		"CEL"	"ftp://ftp.ncbi.nlm.nih.gov/geo/series/GSEnnn/GSE635/suppl"	15295046		"William E Evans"	"Aug 06, 2004"
GSE643	"ASP sensitive all ALL"	"Expression profiling by array"	"Homo sapiens"	81		"CEL"	"ftp://ftp.ncbi.nlm.nih.gov/geo/series/GSEnnn/GSE643/suppl"	15295046		"William E Evans"	"Aug 06, 2004"
GSE645	"ASP resistant all ALL"	"Expression profiling by array"	"Homo sapiens"	45		"CEL"	"ftp://ftp.ncbi.nlm.nih.gov/geo/series/GSEnnn/GSE645/suppl"	15295046		"William E Evans"	"Aug 06, 2004"
GSE646	"PRED sensitive all ALL"	"Expression profiling by array"	"Homo sapiens"	66		"CEL"	"ftp://ftp.ncbi.nlm.nih.gov/geo/series/GSEnnn/GSE646/suppl"	15295046		"William E Evans"	"Aug 06, 2004"
GSE647	"PRED resistant all ALL"	"Expression profiling by array"	"Homo sapiens"	27		"CEL"	"ftp://ftp.ncbi.nlm.nih.gov/geo/series/GSEnnn/GSE647/suppl"	15295046		"William E Evans"	"Aug 06, 2004"
GSE648	"VCR sensitive all ALL"	"Expression profiling by array"	"Homo sapiens"	89		"CEL"	"ftp://ftp.ncbi.nlm.nih.gov/geo/series/GSEnnn/GSE648/suppl"	15295046		"William E Evans"	"Aug 06, 2004"
GSE649	"VCR resistant all ALL"	"Expression profiling by array"	"Homo sapiens"	36		"CEL"	"ftp://ftp.ncbi.nlm.nih.gov/geo/series/GSEnnn/GSE649/suppl"	15295046		"William E Evans"	"Aug 06, 2004"
GSE650	"DNR sensitive all ALL"	"Expression profiling by array"	"Homo sapiens"	94		"CEL"	"ftp://ftp.ncbi.nlm.nih.gov/geo/series/GSEnnn/GSE650/suppl"	15295046		"William E Evans"	"Aug 06, 2004"
GSE651	"DNR resistant all ALL"	"Expression profiling by array"	"Homo sapiens"	28		"CEL"	"ftp://ftp.ncbi.nlm.nih.gov/geo/series/GSEnnn/GSE651/suppl"	15295046		"William E Evans"	"Aug 06, 2004"
GSE653	"ASP sensitive B-ALL"	"Expression profiling by array"	"Homo sapiens"	66		"CEL"	"ftp://ftp.ncbi.nlm.nih.gov/geo/series/GSEnnn/GSE653/suppl"	15295046		"William E Evans"	"Aug 06, 2004"
GSE654	"ASP resistant B-ALL"	"Expression profiling by array"	"Homo sapiens"	40		"CEL"	"ftp://ftp.ncbi.nlm.nih.gov/geo/series/GSEnnn/GSE654/suppl"	15295046		"William E Evans"	"Aug 06, 2004"
GSE655	"PRED sensitive B-ALL"	"Expression profiling by array"	"Homo sapiens"	54		"CEL"	"ftp://ftp.ncbi.nlm.nih.gov/geo/series/GSEnnn/GSE655/suppl"	15295046		"William E Evans"	"Aug 06, 2004"
GSE656	"PRED resistant B-ALL"	"Expression profiling by array"	"Homo sapiens"	20		"CEL"	"ftp://ftp.ncbi.nlm.nih.gov/geo/series/GSEnnn/GSE656/suppl"	15295046		"William E Evans"	"Aug 06, 2004"
GSE657	"VCR sensitive B-ALL"	"Expression profiling by array"	"Homo sapiens"	75		"CEL"	"ftp://ftp.ncbi.nlm.nih.gov/geo/series/GSEnnn/GSE657/suppl"	15295046		"William E Evans"	"Aug 06, 2004"
GSE658	"VCR resistant B-ALL"	"Expression profiling by array"	"Homo sapiens"	29		"CEL"	"ftp://ftp.ncbi.nlm.nih.gov/geo/series/GSEnnn/GSE658/suppl"	15295046		"William E Evans"	"Aug 06, 2004"
GSE659	"DNR sensitive B-ALL"	"Expression profiling by array"	"Homo sapiens"	82		"CEL"	"ftp://ftp.ncbi.nlm.nih.gov/geo/series/GSEnnn/GSE659/suppl"	15295046		"William E Evans"	"Aug 06, 2004"
GSE660	"DNR resistant B-ALL"	"Expression profiling by array"	"Homo sapiens"	23		"CEL"	"ftp://ftp.ncbi.nlm.nih.gov/geo/series/GSEnnn/GSE660/suppl"	15295046		"William E Evans"	"Aug 06, 2004"
GSE1638	"Gene expression profiles of in vitro fertilized bovine embryos in comparison to those of bovine adult tissues"	"Expression profiling by array"	"Bos taurus;Homo sapiens"	10						"Wenli Zhou"	"Aug 05, 2004"
GSE1511	"Gene expression profile of CD56dimCD16+, CD56brightCD16- and activated CD56+CD16+ human NK subsets"	"Expression profiling by array"	"Homo sapiens"	6	GDS751			15557145		"Ofer Mandelboim"	"Aug 02, 2004"
GSE1626	"Testing for gene expression differences between chromosomally stable and unstable isogenic clones"	"Expression profiling by array"	"Cricetulus griseus;Homo sapiens"	4	GDS740					"Andrew Snyder"	"Aug 01, 2004"
GSE805	"Expression analysis of monocytes in response to interleukins-4 and -13"	"Expression profiling by array"	"Homo sapiens"	3						"Hartmut Kuhn"	"Jul 31, 2004"
GSE1573	"MicroRNA profiles of RISC sub-complexes"	"Non-coding RNA profiling by array"	"Homo sapiens"	16						"Scott M Hammond"	"Jul 30, 2004"
GSE1614	"Caco-2 differentiation"	"Expression profiling by array"	"Homo sapiens"	12	GDS709	"CEL"	"ftp://ftp.ncbi.nlm.nih.gov/geo/series/GSE1nnn/GSE1614/suppl"	12644633		"James C Fleet"	"Jul 29, 2004"
GSE1572	"Gene regulation and DNA damage in the aging human brain"	"Expression profiling by array"	"Homo sapiens"	30	GDS707			15190254		"Tao Lu"	"Jul 21, 2004"
GSE973	"IL-1 stimulation of HUVEC"	"Expression profiling by array"	"Homo sapiens"	5	GDS649	"CEL"	"ftp://ftp.ncbi.nlm.nih.gov/geo/series/GSEnnn/GSE973/suppl"	15130917		"Herbert Mayer"	"Jul 20, 2004"
GSE1297	"Incipient Alzheimer's Disease: Microarray Correlation Analyses"	"Expression profiling by array"	"Homo sapiens"	31	GDS810	"CEL;EXP;RPT;TXT"	"ftp://ftp.ncbi.nlm.nih.gov/geo/series/GSE1nnn/GSE1297/suppl"	14769913		"Eric M Blalock"	"Jul 16, 2004"
GSE1563	"Kidney Transplant Rejection and Tissue Injury by Gene Profiling of Biopsies and Peripheral Blood Lymphocytes"	"Expression profiling by array"	"Homo sapiens"	62	GDS724	"CEL;EXP"	"ftp://ftp.ncbi.nlm.nih.gov/geo/series/GSE1nnn/GSE1563/suppl"	15307835		"Steven Head"	"Jul 14, 2004"
GSE1518	"Human endothelium exposed to shear stress and pressure"	"Expression profiling by array"	"Homo sapiens"	8	GDS1317	"CEL"	"ftp://ftp.ncbi.nlm.nih.gov/geo/series/GSE1nnn/GSE1518/suppl"	16155357		"Per-Arne Svensson"	"Jul 07, 2004"
GSE1510	"Human UniGene Set RZPD 1 - Zipf's Normalization"	"Expression profiling by array"	"Homo sapiens"	5						"Timothy TeHua Lu"	"Jul 03, 2004"
GSE1502	"MADSCAN evaluation using heart disease patients"	"Expression profiling by array"	"Homo sapiens"	8		"TIFF"	"ftp://ftp.ncbi.nlm.nih.gov/geo/series/GSE1nnn/GSE1502/suppl"			"Nolwenn Le Meur"	"Jul 02, 2004"
GSE1460	"Gene Expression Profile during human CD4+ T cell differentiation"	"Expression profiling by array"	"Homo sapiens"	30	GDS785;GDS786	"CEL"	"ftp://ftp.ncbi.nlm.nih.gov/geo/series/GSE1nnn/GSE1460/suppl"	15210650		"Myeong S Lee"	"Jul 01, 2004"
GSE1487	"DU 145 EMETINE TIME COURSE"	"Expression profiling by array"	"Homo sapiens"	8				15300251		"Jeff Kiefer"	"Jun 24, 2004"
GSE1488	"LNCaP EMETINE TIME COURSE"	"Expression profiling by array"	"Homo sapiens"	7				15300251		"Jeff Kiefer"	"Jun 24, 2004"
GSE1489	"PC3 EMETINE TIME COURSE"	"Expression profiling by array"	"Homo sapiens"	7				15300251		"Jeff Kiefer"	"Jun 24, 2004"
GSE1490	"GM00156 EMETINE TIME COURSE"	"Expression profiling by array"	"Homo sapiens"	6				15300251		"Jeff Kiefer"	"Jun 24, 2004"
GSE1484	"PDGF stimulation kinetics"	"Expression profiling by array"	"Homo sapiens"	18	GDS1768			15213220		"Jean-Baptiste Demoulin"	"Jun 23, 2004"
GSE1486	"Steroids Effect on HUVEC Response to LPS or Cytokines"	"Expression profiling by array"	"Homo sapiens"	36						"Phillip Bowman"	"Jun 19, 2004"
GSE1366	"Total-body irradiation dose response"	"Expression profiling by array"	"Homo sapiens"	4				15374940		"Sally Amundson"	"Jun 17, 2004"
GSE1474	"Caco-2 and T84 cells stimulated with with flagellin, lymphotox beta or TNF alpha"	"Expression profiling by array"	"Homo sapiens"	24	GDS690			16012957		"Pascale Anderle"	"Jun 16, 2004"
GSE1470	"Epithelial stem cells co-cultured with the dermal papilla"	"Expression profiling by array"	"Homo sapiens"	3	GDS687			15292489		"Stephen R. Lyle"	"Jun 10, 2004"
GSE1309	"Gene expession profiles for monoclonal cell lines with high or low levels of store-operated Ca2+ entry."	"Expression profiling by array"	"Homo sapiens"	22	GDS686			15623568		"Tatiana Zagranichnaya"	"Jun 08, 2004"
GSE1378	"breast cancer / tamoxifen monotherapy (microdissected tumor biopsies)"	"Expression profiling by array"	"Homo sapiens"	60	GDS807			15193263;18498629		"Xiao-Jun Ma"	"Jun 07, 2004"
GSE1379	"breast cancer / tamoxifen monotherapy (whole tissue tumor biopsies)"	"Expression profiling by array"	"Homo sapiens"	60	GDS806			15193263		"Xiao-Jun Ma"	"Jun 07, 2004"
GSE797	"X-radiation (XR) resistant HCT116-Clone2: XR at 0 and 4 Gy"	"Expression profiling by array"	"Homo sapiens"	16						"Felix M. Mesak"	"Jun 04, 2004"
GSE798	"Unirradiated HCT116-Clone2 cells"	"Expression profiling by array"	"Homo sapiens"	4						"Felix M. Mesak"	"Jun 04, 2004"
GSE799	"HCT116-Clone2 cells 10 min after XR treatment at 4 Gy"	"Expression profiling by array"	"Homo sapiens"	4						"Felix M. Mesak"	"Jun 04, 2004"
GSE800	"HCT116-Clone2 cells 6 hours after XR treatment at 4 Gy"	"Expression profiling by array"	"Homo sapiens"	4						"Felix M. Mesak"	"Jun 04, 2004"
GSE801	"HCT116-Clone2 cells 24 hours after XR treatment at 4 Gy"	"Expression profiling by array"	"Homo sapiens"	4						"Felix M. Mesak"	"Jun 04, 2004"
GSE1444	"Cellular interaction with S. aureus bacteria or with bacterial supernatant"	"Expression profiling by array"	"Homo sapiens"	12						"Chimene Moreilhon"	"Jun 03, 2004"
GSE1440	"TIAR represses c-Myc biosynthesis following ultraviolet light irradiation-2"	"Expression profiling by array"	"Homo sapiens"	140						"Myriam Gorospe"	"Jun 02, 2004"
GSE762	"CCFAlmasan_CaP1"	"Expression profiling by array"	"Homo sapiens"	25	GDS719;GDS720;GDS721;GDS722;GDS723					"John Gilmary Hissong"	"Jun 01, 2004"
GSE770	"CCF_Almasan_CaPK"	"Expression profiling by array"	"Homo sapiens"	10	GDS725					"John Gilmary Hissong"	"Jun 01, 2004"
GSE782	"CCF_Almasan_CaPGSE56"	"Expression profiling by array"	"Homo sapiens"	3						"John Gilmary Hissong"	"Jun 01, 2004"
GSE1122	"Emphysema Lung Tissue Gene Expression Profiling"	"Expression profiling by array"	"Homo sapiens"	15	GDS670	"CEL"	"ftp://ftp.ncbi.nlm.nih.gov/geo/series/GSE1nnn/GSE1122/suppl"	15284076		"Christopher D Coldren"	"Jun 01, 2004"
GSE1144	"aging of cultured human myotubes"	"Expression profiling by array"	"Homo sapiens"	7	GDS647			17052863		"Matthew Alan Roberts"	"May 31, 2004"
GSE1433	"TIAR represses c-Myc biosynthesis following ultraviolet light irradiation"	"Expression profiling by array"	"Homo sapiens"	12				16537914		"Myriam Gorospe"	"May 27, 2004"
GSE1431	"Human prostate cancer tissues analyses"	"Expression profiling by array"	"Homo sapiens"	88		"CEL"	"ftp://ftp.ncbi.nlm.nih.gov/geo/series/GSE1nnn/GSE1431/suppl"	14722351		"Xiao-Qin Xia"	"May 26, 2004"
GSE841	"Mutation of GATA3 in Human Breast Tumors"	"Expression profiling by array"	"Homo sapiens"	6	GDS892;GDS893			15361840		"Charles M. Perou"	"May 24, 2004"
GSE1418	"Imatinib effects on CD34+ cells"	"Expression profiling by array"	"Homo sapiens"	14	GDS838	"CEL"	"ftp://ftp.ncbi.nlm.nih.gov/geo/series/GSE1nnn/GSE1418/suppl"	15618956		"Benedikt Brors"	"May 24, 2004"
GSE1407	"HIV-based vector infected cells"	"Expression profiling by array"	"Homo sapiens"	7	GDS708	"CEL"	"ftp://ftp.ncbi.nlm.nih.gov/geo/series/GSE1nnn/GSE1407/suppl"	15314653		"Richard Steven Mitchell"	"May 19, 2004"
GSE1410	"ASLV vector infected 293t-TVA cells"	"Expression profiling by array"	"Homo sapiens"	2		"CEL"	"ftp://ftp.ncbi.nlm.nih.gov/geo/series/GSE1nnn/GSE1410/suppl"			"Richard Steven Mitchell"	"May 19, 2004"
GSE1406	"vGPCR and lytic KSHV time course in TIME cells"	"Expression profiling by array"	"Homo sapiens"	14				15289507		"Don Ganem"	"May 18, 2004"
GSE1417	"Untreated vs. Camptothecin Treated HeLa cells"	"Expression profiling by array"	"Homo sapiens"	7	GDS885	"CEL"	"ftp://ftp.ncbi.nlm.nih.gov/geo/series/GSE1nnn/GSE1417/suppl"	15026349		"Garrett M Frampton"	"May 18, 2004"
GSE1310	"Embryonic stem cell study"	"Expression profiling by array"	"Homo sapiens"	1				15146197		"Gregory Fisk"	"May 16, 2004"
GSE1368	"Genomic profile of transporters and ion channels"	"Expression profiling by array"	"Homo sapiens"	32	GDS1993			15760106		"Pascale Anderle"	"May 08, 2004"
GSE1377	"Kaposi's sarcoma-associated herpes virus"	"Expression profiling by array"	"Homo sapiens"	4	GDS940			15220917		"Jay Woo Shin"	"May 08, 2004"
GSE979	"The effect of Ras on the signalling networks in senescence"	"Expression profiling by array"	"Homo sapiens"	12						"Kristine Hardy"	"May 04, 2004"
GSE1361	"Concurrent Versus Individual Binding of HuR and AUF1 to Common Labile Target mRNAs"	"Expression profiling by array"	"Homo sapiens"	9				15257295		"Myriam Gorospe"	"May 04, 2004"
GSE848	"E2 and SERM Treatment of MCF-7 Breast Cancer Cells"	"Expression profiling by array"	"Homo sapiens"	30	GDS881			14973112		"Jonna Frasor"	"May 01, 2004"
GSE1264	"Sindbis survivors"	"Expression profiling by array"	"Homo sapiens"	9	GDS834					"Aaron M. Domina"	"May 01, 2004"
GSE1347	"Pre-analytical changes of mRNA Gene Expression as the result from prolonged storage"	"Expression profiling by array"	"Homo sapiens"	9	GDS969			15238145		"Matthias Nees"	"Apr 28, 2004"
GSE1343	"Burn/Trauma Study"	"Expression profiling by array"	"Homo sapiens"	16	GDS917			15548831		"Lyle Moldawer"	"Apr 24, 2004"
GSE1141	"Inflammatory bowel disease (HG-U133A)"	"Expression profiling by array"	"Homo sapiens"	6						"Thomas Langmann"	"Apr 20, 2004"
GSE1142	"Inflammatory bowel disease (HG-U133B)"	"Expression profiling by array"	"Homo sapiens"	6						"Thomas Langmann"	"Apr 20, 2004"
GSE1152	"Inflammatory bowel disease"	"Expression profiling by array"	"Homo sapiens"	12	GDS559;GDS560			17461471;17058067		"Thomas Langmann"	"Apr 20, 2004"
GSE763	"Cell-type specific responses to chemotherapeutics in breast cancer"	"Expression profiling by array"	"Homo sapiens"	75	GDS845;GDS846;GDS847;GDS848			15205334		"Charles M. Perou"	"Apr 18, 2004"
GSE1317	"Ultraviolet induced gene expression in human basal cell culture"	"Expression profiling by array"	"Homo sapiens"	3		"CEL;DAT"	"ftp://ftp.ncbi.nlm.nih.gov/geo/series/GSE1nnn/GSE1317/suppl"			"Jeff Shearstone"	"Apr 17, 2004"
GSE1318	"Myb specificity determinants"	"Expression profiling by array"	"Homo sapiens"	25		"CEL"	"ftp://ftp.ncbi.nlm.nih.gov/geo/series/GSE1nnn/GSE1318/suppl"	15105423		"Scott A. Ness"	"Apr 16, 2004"
GSE425	"Acute myeloid leukemia study"	"Expression profiling by array"	"Homo sapiens"	119	GDS841;GDS843			15084693;16931630;19903898		"Jonathan Pollack"	"Apr 15, 2004"
GSE1159	"Expression profiles of acute myeloid leukemia patient samples"	"Expression profiling by array"	"Homo sapiens"	293		"CEL"	"ftp://ftp.ncbi.nlm.nih.gov/geo/series/GSE1nnn/GSE1159/suppl"	17910043;15084694		"Roel Verhaak"	"Apr 15, 2004"
GSE1300	"Hereditary Spastic Paraparesis"	"Expression profiling by array"	"Homo sapiens"	7	GDS849	"CEL"	"ftp://ftp.ncbi.nlm.nih.gov/geo/series/GSE1nnn/GSE1300/suppl"			"Eric Hoffman"	"Apr 14, 2004"
GSE1304	"Control and Il31 tx NHEK cells compared via SuperArray cDNA panel Chemokines and Receptors"	"Expression profiling by array"	"Homo sapiens"	2						"Cosette LeCiel"	"Apr 14, 2004"
GSE1277	"HGPC, in monolayer, 0.5 vs. 20% serum"	"Expression profiling by array"	"Homo sapiens"	2				15094393		"Robert C. Olney"	"Apr 13, 2004"
GSE1278	"HGPC, in monolayer, 0.5% serum"	"Expression profiling by array"	"Homo sapiens"	3				15094393		"Robert C. Olney"	"Apr 13, 2004"
GSE1299	"Breast Cancer Cell Line Experiment"	"Expression profiling by array"	"Homo sapiens"	22	GDS817;GDS820;GDS823;GDS825			15161944		"Brig Mecham"	"Apr 13, 2004"
GSE1302	"primary trophoblast study"	"Expression profiling by array"	"Homo sapiens"	75				15161964		"Brig Mecham"	"Apr 13, 2004"
GSE1153	"Estrogen-regulated gene expression in human osteosarcoma cells stably transfected with estrogen receptor alpha or beta"	"Expression profiling by array"	"Homo sapiens"	20	GDS884			15033914		"Fabio Stossi"	"Apr 10, 2004"
GSE1288	"Cytokine Stimulated Vs Unstimulated"	"Expression profiling by array"	"Homo sapiens"	8						"Kimberly Baker"	"Apr 09, 2004"
GSE1291	"Adenovirus vs Mock Infection"	"Expression profiling by array"	"Homo sapiens"	3						"Kimberly Baker"	"Apr 09, 2004"
GSE1292	"HSP27 3A vs WT"	"Expression profiling by array"	"Homo sapiens"	8						"Kimberly Baker"	"Apr 09, 2004"
GSE1296	"Simple ambient preservation of human tissues for RNA expression array analysis"	"Expression profiling by array"	"Homo sapiens"	24	GDS1972			15537428		"Chunmei Liu"	"Apr 09, 2004"
GSE1295	"STRRIDE Study"	"Expression profiling by array"	"Homo sapiens"	32	GDS915	"CEL"	"ftp://ftp.ncbi.nlm.nih.gov/geo/series/GSE1nnn/GSE1295/suppl"	15347626		"Eric Hoffman"	"Apr 08, 2004"
GSE1140	"PMBCs and the effect of exercise"	"Expression profiling by array"	"Homo sapiens"	15	GDS962	"CEL"	"ftp://ftp.ncbi.nlm.nih.gov/geo/series/GSE1nnn/GSE1140/suppl"	15194674		"Peter Connolly"	"Apr 07, 2004"
GSE1276	"Effect of cigarette smoke on normal human bronchial epithelial cells, and S9 toxicity"	"Expression profiling by array"	"Homo sapiens"	26				15326394		"Stewart Alan Shields"	"Apr 06, 2004"
GSE1279	"Tubular carcinoma and adenoma"	"Expression profiling by array"	"Homo sapiens"	6	GDS1792			15800983		"Inchul Lee"	"Apr 06, 2004"
GSE1036	"Hemin timecourse 0-72h"	"Expression profiling by array"	"Homo sapiens"	12	GDS826			15252187		"Sankar Addya"	"Apr 05, 2004"
GSE931	"Acyclic retinoid induction of HepG2 cells"	"Expression profiling by array"	"Homo sapiens"	2						"Motoyuki Otsuka"	"Apr 03, 2004"
GSE907	"Gene expression profiling of Rhesus monkey extraocular muscle and its layers (Porter lab)"	"Expression profiling by array"	"Homo sapiens;Macaca mulatta"	16	GDS556;GDS557	"CEL"	"ftp://ftp.ncbi.nlm.nih.gov/geo/series/GSEnnn/GSE907/suppl"	15326121		"Sangeeta Khanna"	"Apr 01, 2004"
GSE1009	"Diabetic nephropathy"	"Expression profiling by array"	"Homo sapiens"	6	GDS961	"CEL"	"ftp://ftp.ncbi.nlm.nih.gov/geo/series/GSE1nnn/GSE1009/suppl"	15042541		"Hans Baelde"	"Apr 01, 2004"
GSE1064	"TK6 and WTK1 LCLs plus NO"	"Expression profiling by array"	"Homo sapiens"	16				15126337		"Ana I Robles"	"Apr 01, 2004"
GSE1147	"Sex Specific Transciption in Human Hypothalamus"	"Expression profiling by array"	"Homo sapiens"	23	GDS564			15177028		"Joel Rozowsky"	"Mar 28, 2004"
GSE1010	"FCHL study"	"Expression profiling by array"	"Homo sapiens"	24	GDS946					"Fulvio Morello"	"Mar 27, 2004"
GSE686	"Gene Expression Profiles of Head and Neck Squamous Cell Carcinoma (HNSCC) primary tumors"	"Expression profiling by array"	"Homo sapiens"	78				15144956		"Charles M. Perou"	"Mar 24, 2004"
GSE1045	"Estradiol Treated Breast Cancer Cells Expressing Mutant Estrogen Receptors"	"Expression profiling by array"	"Homo sapiens"	12	GDS901			15023342		"Joshua David Stender"	"Mar 24, 2004"
GSE1145	"changes in cardiac transcription profiles brought about by heart failure"	"Expression profiling by array"	"Homo sapiens"	107	GDS651	"CEL"	"ftp://ftp.ncbi.nlm.nih.gov/geo/series/GSE1nnn/GSE1145/suppl"			"Martina Schinke"	"Mar 24, 2004"
GSE951	"267B1, PC3M, LNCaP Methylation Profile vs. mRNA Expression Level"	"Expression profiling by array;Methylation profiling by array"	"Homo sapiens"	14				16207477		"Yipeng Wang"	"Mar 21, 2004"
GSE1133	"tissue-specific pattern of mRNA expression"	"Expression profiling by array"	"Homo sapiens;Mus musculus"	438	GDS592;GDS596	"CEL"	"ftp://ftp.ncbi.nlm.nih.gov/geo/series/GSE1nnn/GSE1133/suppl"	15075390		"John R Walker"	"Mar 19, 2004"
GSE1054	"EP300 knock-out image segmentation"	"Expression profiling by array"	"Homo sapiens"	48		"TIFF"	"ftp://ftp.ncbi.nlm.nih.gov/geo/series/GSE1nnn/GSE1054/suppl"	15028803		"Ahmed Ashour Ahmed"	"Mar 16, 2004"
GSE967	"pediatric sarcoma: rhabdomyosarcoma & Ewing's sarcoma"	"Expression profiling by array"	"Homo sapiens"	23	GDS971			15146558		"Matthias Nees"	"Mar 13, 2004"
GSE1128	"PDGF-induced genes regulated by the PI3K and MEK/ERK signaling pathways"	"Expression profiling by array"	"Homo sapiens"	11		"TIFF"	"ftp://ftp.ncbi.nlm.nih.gov/geo/series/GSE1nnn/GSE1128/suppl"	14769801		"Geoffrey M Cooper"	"Mar 13, 2004"
GSE1081	"Effect of a 4 hour treatment of 100 nM endothelin-1 on human primary lung fibroblasts"	"Expression profiling by array"	"Homo sapiens"	4	GDS860			15044479		"Andrew Leask"	"Mar 12, 2004"
GSE1028	"Scott B cell studies"	"Expression profiling by array"	"Homo sapiens"	12	GDS1320			16242039		"Daniele Kerbiriou-Nabias"	"Mar 05, 2004"
GSE1057	"Human lupus and normal CD4 T cells response to anti-CD3 treatment"	"Expression profiling by array"	"Homo sapiens"	27						"Luting Xu"	"Mar 05, 2004"
GSE1097	"GenomeTiling"	"Expression profiling by array"	"Homo sapiens"	741				15461792		"Stephen W Edwards"	"Mar 04, 2004"
GSE634	"Muscle - atypical diabetes protein expression"	"Protein profiling by protein array"	"Homo sapiens"	4				15010337		"Donald B. Thomason"	"Mar 01, 2004"
GSE687	"Prim_Fibs"	"Expression profiling by array"	"Homo sapiens"	16				15574883		"Kristine Hardy"	"Mar 01, 2004"
GSE688	"HMF3A_with_3Dwt"	"Expression profiling by array"	"Homo sapiens"	44				15574883		"Kristine Hardy"	"Mar 01, 2004"
GSE689	"GSEp53_v_Con"	"Expression profiling by array"	"Homo sapiens"	18						"Kristine Hardy"	"Mar 01, 2004"
GSE690	"HMF3A_RNAi"	"Expression profiling by array"	"Homo sapiens"	40				15574883		"Kristine Hardy"	"Mar 01, 2004"
GSE590	"USF1 haplotype comparison"	"Expression profiling by array"	"Homo sapiens"	10	GDS513			14991056		"Massimiliano Gentile"	"Feb 29, 2004"
GSE1078	"Microarray-based CGH using BAC clones"	"Genome variation profiling by genome tiling array"	"Homo sapiens"	19						"Nehad Mohamed"	"Feb 29, 2004"
GSE981	"Endothelin-1 (ET-1) treated lung fibroblasts"	"Expression profiling by array"	"Homo sapiens"	2						"Andrew Leask"	"Feb 28, 2004"
GSE1056	"Hypoxia and Hypoxia mimics"	"Expression profiling by array"	"Homo sapiens"	18				15942021		"John J. LaPres"	"Feb 27, 2004"
GSE1038	"In vivo LPS effects on cardiac endothelial RNA-15K cDNA array"	"Expression profiling by array"	"Homo sapiens;Mus musculus"	2				15319271		"John G Maresh"	"Feb 26, 2004"
GSE1065	"acute myeloid leukemia (AML)"	"Genome variation profiling by genome tiling array"	"Homo sapiens"	14						"Herbert Auer"	"Feb 26, 2004"
GSE1066	"acute myeloid leukemia (AML)"	"Genome variation profiling by genome tiling array"	"Homo sapiens"	4						"Nehad Mohamed"	"Feb 26, 2004"
GSE1059	"Myometrial cells expressing CREB, CREM alpha, CREM tau2alpha, ATF2 or the ATF2-small gene"	"Expression profiling by array"	"Homo sapiens"	18				15691874		"Jarrod Bailey"	"Feb 21, 2004"
GSE1041	"Responses of HUVEC to Hypoxia and Reoxygenation"	"Expression profiling by array"	"Homo sapiens"	22	GDS1968					"Phillip Bowman"	"Feb 18, 2004"
GSE1039	"Differential Gene Expression by Memory T Helper Cells Bearing the Gut-Homing Receptor Integrin α4β7 "	"Expression profiling by array"	"Homo sapiens"	27		"TIFF"	"ftp://ftp.ncbi.nlm.nih.gov/geo/series/GSE1nnn/GSE1039/suppl"	15236665		"Michael E. Salazar"	"Feb 13, 2004"
GSE884	"KM109"	"Expression profiling by array"	"Homo sapiens"	9						"Ellen Sterrenburg"	"Feb 12, 2004"
GSE895	"KM108_cDNA"	"Expression profiling by array"	"Homo sapiens"	8						"Ellen Sterrenburg"	"Feb 12, 2004"
GSE896	"HPP4_cDNA"	"Expression profiling by array"	"Homo sapiens"	9						"Ellen Sterrenburg"	"Feb 12, 2004"
GSE906	"Skeletal muscle cell fusion time course"	"Expression profiling by array"	"Homo sapiens"	26				15336692		"Ellen Sterrenburg"	"Feb 12, 2004"
GSE908	"KM109_Human oligo batch I"	"Expression profiling by array"	"Homo sapiens"	10	GDS942;GDS943			15336692		"Ellen Sterrenburg"	"Feb 12, 2004"
GSE909	"KM109_Human oligo batch II"	"Expression profiling by array"	"Homo sapiens"	10	GDS944;GDS945			15336692		"Ellen Sterrenburg"	"Feb 12, 2004"
GSE1037	"Lung cancer"	"Expression profiling by array"	"Homo sapiens"	91				15016488;21737174		"Yuichi Ishikawa"	"Feb 11, 2004"
GSE1017	"Acute Quadriplegic Myopathy"	"Expression profiling by array"	"Homo sapiens"	10		"CEL"	"ftp://ftp.ncbi.nlm.nih.gov/geo/series/GSE1nnn/GSE1017/suppl"	14755723		"Eric Hoffman"	"Feb 06, 2004"
GSE1007	"Molecular profiles(HG-U95B,C,D,E) of dystrophin-deficient and normal human skeletal muscle"	"Expression profiling by array"	"Homo sapiens"	86	GDS609;GDS610;GDS611;GDS612	"CEL;EXP;RPT"	"ftp://ftp.ncbi.nlm.nih.gov/geo/series/GSE1nnn/GSE1007/suppl"	12698323		"Judith Haslett"	"Feb 04, 2004"
GSE902	"T lymphocyte activation gene identification by coregulated expression on DNA microarrays"	"Expression profiling by array"	"Homo sapiens"	42				15177553		"Mao Mao"	"Feb 01, 2004"
GSE976	"Gene Expression-Based High Throughput Screening: APL Treatment with Candidate Compounds"	"Expression profiling by array"	"Homo sapiens"	24		"CEL"	"ftp://ftp.ncbi.nlm.nih.gov/geo/series/GSEnnn/GSE976/suppl"	14770183		"Ken Ross"	"Jan 30, 2004"
GSE982	"Gene Expression-Based High Throughput Screening: HL-60 Cell Treatment with Candidate Compounds"	"Expression profiling by array"	"Homo sapiens"	75		"CEL"	"ftp://ftp.ncbi.nlm.nih.gov/geo/series/GSEnnn/GSE982/suppl"	14770183		"Ken Ross"	"Jan 30, 2004"
GSE983	"Gene Expression-Based High Throughput Screening: Primary Patient AML Blasts, Normal Neutrophils, and Normal Monocytes"	"Expression profiling by array"	"Homo sapiens"	9		"CEL"	"ftp://ftp.ncbi.nlm.nih.gov/geo/series/GSEnnn/GSE983/suppl"	14770183		"Ken Ross"	"Jan 30, 2004"
GSE985	"Gene Expression-Based High Throughput Screening: HL-60 Cells Treated with ATRA and PMA"	"Expression profiling by array"	"Homo sapiens"	21		"CEL"	"ftp://ftp.ncbi.nlm.nih.gov/geo/series/GSEnnn/GSE985/suppl"	14770183		"Ken Ross"	"Jan 30, 2004"
GSE995	"Differentiation of acute myeloid leukemia cells"	"Expression profiling by array"	"Homo sapiens"	117		"CEL"	"ftp://ftp.ncbi.nlm.nih.gov/geo/series/GSEnnn/GSE995/suppl"	14770183		"Ken Ross"	"Jan 30, 2004"
GSE1004	"Molecular profiles (HG-U95A) of dystrophin-deficient and normal human muscle"	"Expression profiling by array"	"Homo sapiens"	24	GDS563	"CEL;EXP;RPT"	"ftp://ftp.ncbi.nlm.nih.gov/geo/series/GSE1nnn/GSE1004/suppl"	12415109		"Judith Haslett"	"Jan 29, 2004"
GSE998	"Amino Acid Conjugated Surfaces and Controls 6 Hours"	"Expression profiling by array"	"Homo sapiens"	5		"CEL"	"ftp://ftp.ncbi.nlm.nih.gov/geo/series/GSEnnn/GSE998/suppl"			"Catherine Klapperich"	"Jan 28, 2004"
GSE999	"Amino Acid Conjugated Surfaces and Controls 32 Hours"	"Expression profiling by array"	"Homo sapiens"	5		"CEL"	"ftp://ftp.ncbi.nlm.nih.gov/geo/series/GSEnnn/GSE999/suppl"			"Catherine Klapperich"	"Jan 28, 2004"
GSE1000	"Osteosarcoma TE85 cell tissue culture study"	"Expression profiling by array"	"Homo sapiens"	10	GDS562	"CEL"	"ftp://ftp.ncbi.nlm.nih.gov/geo/series/GSE1nnn/GSE1000/suppl"			"Catherine Klapperich"	"Jan 28, 2004"
GSE994	"Effects of cigarette smoke on the human airway epithelial cell transcriptome"	"Expression profiling by array"	"Homo sapiens"	75	GDS534	"CEL"	"ftp://ftp.ncbi.nlm.nih.gov/geo/series/GSEnnn/GSE994/suppl"	15210990		"Avrum Spira"	"Jan 27, 2004"
GSE608	"Human embryonic stem cells"	"Expression profiling by SAGE"	"Homo sapiens"	2				14688391		"Mark Richards"	"Jan 19, 2004"
GSE974	"Left ventricular apex samples"	"Expression profiling by array"	"Homo sapiens"	38		"CEL"	"ftp://ftp.ncbi.nlm.nih.gov/geo/series/GSEnnn/GSE974/suppl"	14872006		"Grindle M Suzanne"	"Jan 18, 2004"
GSE953	"Effect of TERT and ATM on Gene Expression Profiles in Human Fibroblasts"	"Expression profiling by SAGE"	"Homo sapiens"	4				14978791		"Agnes Baross"	"Jan 17, 2004"
GSE968	"Neutrophil transcript abundance following 3/6 hr culture in normoxia, hypoxia and anoxia"	"Expression profiling by array"	"Homo sapiens"	18				15630139		"Cristin Print"	"Jan 17, 2004"
GSE581	"Inflammatory gene profiles in human gastric mucosa"	"Expression profiling by array"	"Homo sapiens"	27	GDS625			14764733		"Qiang Pan-Hammarström"	"Jan 07, 2004"
GSE939	"Osteopontin vs empty vector"	"Expression profiling by array"	"Homo sapiens"	2	GDS561					"Gregory Bloom"	"Jan 07, 2004"
GSE753	"MRI-no-lytic-lesion"	"Expression profiling by array"	"Homo sapiens"	36				14695408		"John D. Shaughnessy"	"Jan 01, 2004"
GSE754	"MRI-lytic-lesion"	"Expression profiling by array"	"Homo sapiens"	137				14695408		"John D. Shaughnessy"	"Jan 01, 2004"
GSE755	"MRI lytic and no lytic lesions"	"Expression profiling by array"	"Homo sapiens"	173	GDS531			14695408		"John D. Shaughnessy"	"Jan 01, 2004"
GSE758	"Gene expression in human optic nerve head  (ONH) astrocytes"	"Expression profiling by array"	"Homo sapiens"	44	GDS532			14747662;18822132		"M Rosario Hernandez"	"Jan 01, 2004"
GSE764	"Comparison of Gene Expression in Uterine Smooth Muscle Tumors"	"Expression profiling by array"	"Homo sapiens"	26	GDS533					"Bradley J Quade"	"Jan 01, 2004"
GSE846	"Conversion"	"Expression profiling by array"	"Homo sapiens"	17	GDS536			14702632		"Charlie Chen"	"Jan 01, 2004"
GSE847	"HS to HR progression"	"Expression profiling by array"	"Homo sapiens"	14	GDS535			14702632		"Charlie Chen"	"Jan 01, 2004"
GSE838	"Individual-specific variation of gene expression in peripheral blood leukocytes"	"Expression profiling by array"	"Homo sapiens"	69				15177552		"Mao Mao"	"Dec 31, 2003"
GSE873	"Muscle, normal extraocular, profile"	"Expression profiling by array"	"Homo sapiens"	5	GDS525	"CEL"	"ftp://ftp.ncbi.nlm.nih.gov/geo/series/GSEnnn/GSE873/suppl"	15855387		"Dominik Fischer"	"Dec 31, 2003"
GSE935	"NIH/NIAID Chronic Granulomatous Disease Neutrophils"	"Expression profiling by array"	"Homo sapiens"	63				14688376		"Frank R. DeLeo"	"Dec 31, 2003"
GSE567	"Essential Thrombocythemia (ET) vs Normal (baseline) Megakaryocytes"	"Expression profiling by array"	"Homo sapiens"	2	GDS552			15271793		"Enrico Tagliafico"	"Dec 25, 2003"
GSE831	"stroma+monocytes"	"Expression profiling by array"	"Homo sapiens"	7				14996707		"Lynn Graf"	"Dec 22, 2003"
GSE740	"Rosetta_Merck_Splicing_Experiment"	"Expression profiling by array"	"Homo sapiens"	264	GDS829;GDS830;GDS831;GDS832;GDS833			14684825		"John Castle"	"Dec 19, 2003"
GSE918	"Rosetta (Merck) Expression Validated Gene Hybridizations"	"Expression profiling by array"	"Homo sapiens"	595				15461792		"Stephen W Edwards"	"Dec 18, 2003"
GSE405	"Microarray Comparison Using Normal Human Colonic Mucosa"	"Expression profiling by array"	"Homo sapiens"	10				14645736		"Nancy Mah"	"Dec 14, 2003"
GSE677	"Toward a functional annotation of the human genome using artificial transcription factors"	"Expression profiling by array"	"Homo sapiens"	132				14656973		"Jin-Soo Kim"	"Dec 12, 2003"
GSE595	"Human skeletal muscle"	"Expression profiling by array"	"Homo sapiens"	14	GDS511			14625377		"Despina Sanoudou"	"Dec 10, 2003"
GSE522	"X-radiation (XR) sensitive HCT116-CloneK: XR at 0 and 4 Gy"	"Expression profiling by array"	"Homo sapiens"	24	GDS527;GDS528					"Felix M. Mesak"	"Dec 08, 2003"
GSE523	"Unirradiated HCT116-CloneK cells"	"Expression profiling by array"	"Homo sapiens"	6						"Felix M. Mesak"	"Dec 08, 2003"
GSE524	"HCT116-CloneK cells 10 minutes after XR treatment at 4 Gy"	"Expression profiling by array"	"Homo sapiens"	6						"Felix M. Mesak"	"Dec 08, 2003"
GSE525	"HCT116-CloneK cells 6 hours after XR treatment at 4 Gy"	"Expression profiling by array"	"Homo sapiens"	6						"Felix M. Mesak"	"Dec 08, 2003"
GSE526	"HCT116-CloneK cells 24 hours after XR treatment at 4 Gy"	"Expression profiling by array"	"Homo sapiens"	6						"Felix M. Mesak"	"Dec 08, 2003"
GSE550	"RA"	"Expression profiling by array"	"Homo sapiens"	7						"El Houdaigui Fatiha"	"Nov 30, 2003"
GSE551	"OA"	"Expression profiling by array"	"Homo sapiens"	14						"El Houdaigui Fatiha"	"Nov 30, 2003"
GSE837	"angiogenesis"	"Expression profiling by array"	"Homo sapiens"	33	GDS495			15516835		"Cristin Print"	"Nov 28, 2003"
GSE767	"time 0.5 hr to 0 hr"	"Expression profiling by array"	"Homo sapiens"	6						"Anna Tsykin"	"Nov 26, 2003"
GSE771	"time 3 hr to 0 hr"	"Expression profiling by array"	"Homo sapiens"	4						"Anna Tsykin"	"Nov 25, 2003"
GSE777	"time 6 hr to 0 hr"	"Expression profiling by array"	"Homo sapiens"	4						"Anna Tsykin"	"Nov 25, 2003"
GSE778	"time 24 hr to 0 hr"	"Expression profiling by array"	"Homo sapiens"	4						"Anna Tsykin"	"Nov 25, 2003"
GSE779	"angiogenesis course"	"Expression profiling by array"	"Homo sapiens"	18				15840639		"Anna Tsykin"	"Nov 25, 2003"
GSE781	"Normal and Renal Cell Carcinoma Kidney Tissue, Human"	"Expression profiling by array"	"Homo sapiens"	34	GDS505;GDS507	"CEL"	"ftp://ftp.ncbi.nlm.nih.gov/geo/series/GSEnnn/GSE781/suppl"	14641932		"Marc E. Lenburg"	"Nov 25, 2003"
GSE803	"GeneNote-Gene Normal tissue Expression"	"Expression profiling by array"	"Homo sapiens"	120	GDS422;GDS423;GDS424;GDS425;GDS426			15388519		"Orit Shmueli"	"Nov 19, 2003"
GSE703	"Blood pulmonary arterial hypertension"	"Expression profiling by array"	"Homo sapiens"	20	GDS504			15215156		"Christopher D Coldren"	"Nov 15, 2003"
GSE694	"SADE analysis of microdissected kidney"	"Expression profiling by SAGE"	"Homo sapiens;Mus musculus"	9				14595018		"Jean-Marc Elalouf"	"Nov 14, 2003"
GSE833	"Amyotrophic lateral sclerosis"	"Expression profiling by array"	"Homo sapiens"	11	GDS412			14645737		"Fernando Dangond"	"Nov 14, 2003"
GSE569	"Genes regulated by inflammatory cytokines in five primary endothelial cell types"	"Expression profiling by array"	"Homo sapiens"	15	GDS498;GDS499;GDS501;GDS502			15749026		"Terrill K. McClanahan"	"Nov 13, 2003"
GSE796	"Bladder cancer cells"	"Expression profiling by array"	"Homo sapiens"	36				16983830		"Robert Evan Hurst"	"Nov 03, 2003"
GSE620	"Gene expression profile analysis of 4-phenylbutyrate treatment of IB3-1 bronchial epithelial cell line"	"Expression profiling by array"	"Homo sapiens"	22	GDS493;GDS494	"CEL"	"ftp://ftp.ncbi.nlm.nih.gov/geo/series/GSEnnn/GSE620/suppl"	14583596		"Jerry M. Wright"	"Oct 29, 2003"
GSE772	"Abeta-activated Array Experiment"	"Expression profiling by array"	"Homo sapiens"	143				14612454		"Scott Curtis Lohr"	"Oct 29, 2003"
GSE766	"RASF + IKB/Adtet + TNFa"	"Expression profiling by array"	"Homo sapiens"	6	GDS486			14872484		"Grier Page"	"Oct 23, 2003"
GSE759	"Long oligonucleotide arrays verse short oligonucleotide arrays-CTX066"	"Expression profiling by array"	"Homo sapiens"	9				15525690		"Jiang Li"	"Oct 22, 2003"
GSE761	"Long oligonucleotide arrays verse short oligonucleotide arrays -IMR32 cells"	"Expression profiling by array"	"Homo sapiens"	11						"Jiang Li"	"Oct 22, 2003"
GSE768	"Neural stem and neuroblastoma cells"	"Expression profiling by array"	"Homo sapiens"	20				15613614		"Jiang Li"	"Oct 22, 2003"
GSE546	"SARS coronavirus series"	"Expression profiling by array"	"Homo sapiens;Viruses"	4				14624234		"Joe DeRisi"	"Oct 19, 2003"
GSE751	"HEVEC dedifferentiation"	"Expression profiling by array"	"Homo sapiens"	16	GDS622;GDS623;GDS624			14976058		"Delphine-Armelle Lacorre"	"Oct 18, 2003"
GSE593	"Uterine Fibroid and Normal Myometrial Expression Profiles- U133 Arrays"	"Expression profiling by array"	"Homo sapiens"	10	GDS484			15374708		"Jeffrey Gregg"	"Oct 17, 2003"
GSE685	"DACH1 inhibits TGF-beta signaling through binding Smad4"	"Expression profiling by array"	"Homo sapiens;Mus musculus"	9	GDS483			14525983		"Kongming Wu"	"Oct 15, 2003"
GSE741	"Native versus cultured retinal pigment epithelium cells"	"Expression profiling by array"	"Homo sapiens"	21				14982971		"James T Handa"	"Oct 15, 2003"
GSE609	"SCID vs Normal Thymocyte Comparisons"	"Expression profiling by array"	"Homo sapiens"	4	GDS420;GDS421			14602880		"Harjit Kaur Dadi"	"Oct 10, 2003"
GSE712	"CVB3-infected HeLa cells (multiple time points)"	"Expression profiling by array"	"Homo sapiens"	13	GDS477					"Bruce Maxwell McManus"	"Oct 09, 2003"
GSE701	"Transcriptional response of lymphoblastoid cells to ionizing radiation"	"Expression profiling by array"	"Homo sapiens"	12	GDS479			12915489		"Kuang-Yu Jen"	"Oct 08, 2003"
GSE713	"UV radiation-induced DNA damage"	"Expression profiling by array"	"Homo sapiens"	20	GDS400			12907719		"Massimiliano Gentile"	"Oct 08, 2003"
GSE697	"CVB3-infected HeLa cells (multiple time points and triplicate sample per time point)"	"Expression profiling by array"	"Homo sapiens"	24	GDS478					"Bruce Maxwell McManus"	"Oct 07, 2003"
GSE675	"Time course analysis of response to HCMV infection"	"Expression profiling by array"	"Homo sapiens"	12	GDS476			11711622		"Thomas Shenk"	"Sep 25, 2003"
GSE674	"Normal Muscle - Female , Effect of Age"	"Expression profiling by array"	"Homo sapiens"	30	GDS472;GDS473			15036396		"Stephen Welle"	"Sep 22, 2003"
GSE672	"Iron chelation on human cytomegalovirus infected MRC-5 fibroblasts"	"Expression profiling by array"	"Homo sapiens"	3				14749214;15175225		"Lilia Maglova-Crowe"	"Sep 20, 2003"
GSE666	"RNA degradation and apoptosis"	"Expression profiling by array"	"Homo sapiens"	19				14647279		"Herbert Auer"	"Sep 17, 2003"
GSE527	"Cervical Cancer"	"Expression profiling by array"	"Homo sapiens"	33	GDS470			14654527		"Khew-Voon Chin"	"Sep 12, 2003"
GSE409	"IMR-90 cells: Collagen Mesh Time Course"	"Expression profiling by array"	"Homo sapiens"	19				15159079		"Catherine Klapperich"	"Sep 10, 2003"
GSE410	"IMR-90 cells: Tissue Culture Polystyrene Time Course"	"Expression profiling by array"	"Homo sapiens"	13				15159079		"Catherine Klapperich"	"Sep 10, 2003"
GSE453	"fhCMV-H vs fhCMV-T"	"Expression profiling by array"	"Homo sapiens"	16	GDS177			12361756		"Lynn Graf"	"Sep 09, 2003"
GSE621	"Interstitial cystitis and antiproliferative factor treatment"	"Expression profiling by array"	"Homo sapiens"	28				12847144		"Susan Keay"	"Sep 03, 2003"
GSE430	"Effect of left ventricular assist device support on congestive heart failure patients"	"Expression profiling by array"	"Homo sapiens"	14				12824457		"Yingjie Chen"	"Sep 01, 2003"
GSE420	"Aortic stiffness"	"Expression profiling by array"	"Homo sapiens"	10				14530203		"Richard E. Pratt"	"Aug 28, 2003"
GSE448	"WS1 response to high dose of UV-C"	"Expression profiling by array"	"Homo sapiens"	12				12907719		"Massimiliano Gentile"	"Aug 09, 2003"
GSE449	"WS1 response to low dose of UV-C"	"Expression profiling by array"	"Homo sapiens"	12				12907719		"Massimiliano Gentile"	"Aug 09, 2003"
GSE574	"Idiopathic thrombocytopenic purpura (ITP)"	"Expression profiling by array"	"Homo sapiens"	6	GDS390			12937414		"Bob Olsson"	"Aug 08, 2003"
GSE570	"HeLa CD4+ transfection"	"Expression profiling by array"	"Homo sapiens"	4				15780141		"Winnie Liang"	"Aug 04, 2003"
GSE571	"HeLa CD4+ cells transfected with epitope-tagged eTat plasmids"	"Expression profiling by array"	"Homo sapiens"	16				15780141		"Winnie Liang"	"Aug 04, 2003"
GSE572	"HeLa CD4+ cells transfected with parental vector pCep4"	"Expression profiling by array"	"Homo sapiens"	16				15780141		"Winnie Liang"	"Aug 04, 2003"
GSE545	"SAGE Hiroshima gastric cancer tissue"	"Expression profiling by SAGE"	"Homo sapiens"	5				15059891;16331256		"Wataru Yasui"	"Jul 21, 2003"
GSE463	"Profiling of human bone marrow stromal cell lines HS-5 and HS-27a"	"Expression profiling by array"	"Homo sapiens"	8	GDS12			12184274		"Mineo Iwata"	"Jul 16, 2003"
GSE465	"Expression profiling in the muscular dystrophies"	"Expression profiling by array"	"Homo sapiens"	57	GDS214;GDS262;GDS264;GDS265;GDS270	"CEL"	"ftp://ftp.ncbi.nlm.nih.gov/geo/series/GSEnnn/GSE465/suppl"	11121445		"Eric Hoffman"	"Jul 16, 2003"
GSE468	"Expression profiling of medulloblastoma"	"Expression profiling by array"	"Homo sapiens"	23	GDS232	"CEL"	"ftp://ftp.ncbi.nlm.nih.gov/geo/series/GSEnnn/GSE468/suppl"	11544480		"Eric Hoffman"	"Jul 16, 2003"
GSE470	"Asthma exacerbatory factors"	"Expression profiling by array"	"Homo sapiens"	12	GDS261	"CEL"	"ftp://ftp.ncbi.nlm.nih.gov/geo/series/GSEnnn/GSE470/suppl"			"Eric Hoffman"	"Jul 16, 2003"
GSE472	"Congestive heart failure in dog"	"Expression profiling by array"	"Canis lupus familiaris;Homo sapiens"	5	GDS213	"CEL"	"ftp://ftp.ncbi.nlm.nih.gov/geo/series/GSEnnn/GSE472/suppl"			"Eric Hoffman"	"Jul 16, 2003"
GSE473	"PGA Human CD4+ Lymphocytes"	"Expression profiling by array"	"Homo sapiens"	175	GDS266;GDS267	"CEL;PDF"	"ftp://ftp.ncbi.nlm.nih.gov/geo/series/GSEnnn/GSE473/suppl"	19216740		"Eric Hoffman"	"Jul 16, 2003"
GSE474	"Obesity and fatty acid oxidation"	"Expression profiling by array"	"Homo sapiens"	24	GDS268	"CEL"	"ftp://ftp.ncbi.nlm.nih.gov/geo/series/GSEnnn/GSE474/suppl"	16849634		"Eric Hoffman"	"Jul 16, 2003"
GSE475	"Chronic obstructive pulmonary disease"	"Expression profiling by array"	"Homo sapiens"	7	GDS289	"CEL"	"ftp://ftp.ncbi.nlm.nih.gov/geo/series/GSEnnn/GSE475/suppl"			"Eric Hoffman"	"Jul 16, 2003"
GSE492	"Effect of prostaglandin analogs on aqueous humor outflow"	"Expression profiling by array"	"Homo sapiens"	12	GDS359	"CEL"	"ftp://ftp.ncbi.nlm.nih.gov/geo/series/GSEnnn/GSE492/suppl"			"Eric Hoffman"	"Jul 16, 2003"
GSE493	"Gene expression profiling in DQA1*0501+ children with untreated dermatomyositis"	"Expression profiling by array"	"Homo sapiens"	14	GDS215;GDS258	"CEL"	"ftp://ftp.ncbi.nlm.nih.gov/geo/series/GSEnnn/GSE493/suppl"	11937576		"Eric Hoffman"	"Jul 16, 2003"
GSE494	"Non-union skeletal fractures"	"Expression profiling by array"	"Homo sapiens"	12	GDS367;GDS368;GDS369	"CEL"	"ftp://ftp.ncbi.nlm.nih.gov/geo/series/GSEnnn/GSE494/suppl"			"Eric Hoffman"	"Jul 16, 2003"
GSE500	"CD34+ cell analysis"	"Expression profiling by array"	"Homo sapiens"	5	GDS53	"CEL"	"ftp://ftp.ncbi.nlm.nih.gov/geo/series/GSEnnn/GSE500/suppl"	11669215		"Lynn Graf"	"Jul 16, 2003"
GSE501	"Cytomegalovirus infection"	"Expression profiling by array"	"Homo sapiens"	8						"Lynn Graf"	"Jul 16, 2003"
GSE503	"Macrophages infected with Salmonella"	"Expression profiling by array"	"Homo sapiens"	53	GDS77;GDS78;GDS80			11320214		"Stanford Microarray Database (SMD)"	"Jul 16, 2003"
GSE505	"Serial analysis of gene expression in the corneal endothelium of Fuchs' dystrophy"	"Expression profiling by SAGE"	"Homo sapiens"	2				12556388;12583793		"Elliott H Margulies"	"Jul 16, 2003"
GSE506	"Fibroblast cells immediate-early after human cytomegalovirus infection"	"Expression profiling by SAGE"	"Homo sapiens"	2				11124023		"Marc Kenzelmann"	"Jul 16, 2003"
GSE507	"Novel estrogen and tamoxifen induced genes"	"Expression profiling by SAGE"	"Homo sapiens"	3				11850811		"Kornelia Polyak"	"Jul 16, 2003"
GSE508	"Targets of c-Jun NH(2)-terminal kinase 2-mediated tumor growth regulation"	"Expression profiling by SAGE"	"Homo sapiens"	2				12036942		"Nikki J. Holbrook"	"Jul 16, 2003"
GSE511	"Proliferating normal human peripheral blood mononuclear cells infected with HIV type 1 RF"	"Expression profiling by array"	"Homo sapiens"	30	GDS171			11839152		"Maryanne Vahey"	"Jul 16, 2003"
GSE512	"Peripheral Blood Mononuclear Cells of Rhesus Macaques Infected with SIVmac251"	"Expression profiling by array"	"Homo sapiens;Macaca mulatta"	36	GDS172			12803996		"Maryanne Vahey"	"Jul 16, 2003"
GSE513	"Cynomolgus monkey testicular cDNAs for discovery of novel human genes"	"Expression profiling by array"	"Homo sapiens;Macaca fascicularis"	2				12498619		"Naoki Osada"	"Jul 16, 2003"
GSE514	"AIDS-related Kaposi's sarcoma"	"Expression profiling by SAGE"	"Homo sapiens"	7				12697073		"Antoinette van der Kuyl"	"Jul 16, 2003"
GSE515	"Endothelial cell profiles"	"Expression profiling by array"	"Homo sapiens"	66				12644598		"Jennifer King"	"Jul 16, 2003"
GSE345	"IC - Experiment 1"	"Expression profiling by array"	"Homo sapiens"	8				12847144		"Susan Keay"	"Jul 14, 2003"
GSE346	"IC - Experiment 2"	"Expression profiling by array"	"Homo sapiens"	8				12847144		"Susan Keay"	"Jul 14, 2003"
GSE347	"IC - Experiment 3"	"Expression profiling by array"	"Homo sapiens"	12				12847144		"Susan Keay"	"Jul 14, 2003"
GSE516	"TNF treated Synoviocytes"	"Expression profiling by array"	"Homo sapiens"	3	GDS386			12965196		"Jill Howlin"	"Jul 03, 2003"
GSE343	"Molecular heterogeneity in acute renal allograft rejection"	"Expression profiling by array"	"Homo sapiens"	67				12853585		"Xin Chen"	"Jul 01, 2003"
GSE349	"Resistant"	"Expression profiling by array"	"Homo sapiens"	14		"CEL"	"ftp://ftp.ncbi.nlm.nih.gov/geo/series/GSEnnn/GSE349/suppl"	12907009;15718313		"Eric C Wooten"	"Jun 26, 2003"
GSE350	"Sensitive"	"Expression profiling by array"	"Homo sapiens"	10		"CEL"	"ftp://ftp.ncbi.nlm.nih.gov/geo/series/GSEnnn/GSE350/suppl"	12907009;15718313		"Eric C Wooten"	"Jun 26, 2003"
GSE440	"Epidermal keratinocytes and IFNg, TNFa and IL1 treatment"	"Expression profiling by array"	"Homo sapiens"	9	GDS1846	"CEL;EXP"	"ftp://ftp.ncbi.nlm.nih.gov/geo/series/GSEnnn/GSE440/suppl"	14760888		"Miroslav Blumenberg"	"Jun 24, 2003"
GSE416	"B-ALL relapse analysis"	"Expression profiling by array"	"Homo sapiens"	8						"Silvio Bicciato"	"Jun 13, 2003"
GSE443	"Leprosy lesion gene expression"	"Expression profiling by array"	"Homo sapiens"	11	GDS358			12970564		"Joshua Bleharski"	"Jun 08, 2003"
GSE445	"Alpha Thalassaemia Myelodysplasia Syndrome (ATMDS)"	"Expression profiling by array"	"Homo sapiens"	3				12858175		"Andrea Pellagatti"	"Jun 06, 2003"
GSE437	"Effect of RNA concentration in cross-species hybridization"	"Expression profiling by array"	"Homo sapiens;Marmota monax"	7						"Jo Ann S. Rinaudo"	"May 27, 2003"
GSE439	"Woodchuck and human liver comparison"	"Expression profiling by array"	"Homo sapiens;Marmota monax"	8						"Jo Ann S. Rinaudo"	"May 27, 2003"
GSE361	"Mammary epithelial cell transduction"	"Expression profiling by array"	"Homo sapiens"	20	GDS337			12717449		"Hilary Coller"	"May 16, 2003"
GSE426	"Fibroblast Gene Expression:  Hacia Laboratory"	"Expression profiling by array"	"Gorilla gorilla;Homo sapiens;Pan paniscus"	46				12840040		"Shailender Nagpal"	"May 08, 2003"
GSE427	"Human Fibroblast Set:  Hacia Laboratory"	"Expression profiling by array"	"Homo sapiens"	23				12840040		"Shailender Nagpal"	"May 08, 2003"
GSE428	"Bonobo Fibroblast Data:  Hacia Laboratory"	"Expression profiling by array"	"Homo sapiens;Pan paniscus"	11				12840040		"Shailender Nagpal"	"May 08, 2003"
GSE429	"Gorilla Fibroblast Set:  Hacia Laboratory"	"Expression profiling by array"	"Gorilla gorilla;Homo sapiens"	12				12840040		"Shailender Nagpal"	"May 08, 2003"
GSE137	"Natural variation in human gene expression assessed in lymphoblastoid cells"	"Expression profiling by array"	"Homo sapiens"	70				12567189		"Michael Patrick Morley"	"Apr 22, 2003"
GSE207	"HDMTX_MP-1 pair"	"Expression profiling by array"	"Homo sapiens"	2				12704389		"William E Evans"	"Apr 21, 2003"
GSE208	"HDMTX_MP-10 pair"	"Expression profiling by array"	"Homo sapiens"	2				12704389		"William E Evans"	"Apr 21, 2003"
GSE209	"HDMTX_MP-2 pair"	"Expression profiling by array"	"Homo sapiens"	2				12704389		"William E Evans"	"Apr 21, 2003"
GSE210	"HDMTX_MP-3 pair"	"Expression profiling by array"	"Homo sapiens"	2				12704389		"William E Evans"	"Apr 21, 2003"
GSE211	"HDMTX_MP-4 pair"	"Expression profiling by array"	"Homo sapiens"	2				12704389		"William E Evans"	"Apr 21, 2003"
GSE212	"HDMTX_MP-5 pair"	"Expression profiling by array"	"Homo sapiens"	2				12704389		"William E Evans"	"Apr 21, 2003"
GSE213	"HDMTX_MP-6 pair"	"Expression profiling by array"	"Homo sapiens"	2				12704389		"William E Evans"	"Apr 21, 2003"
GSE214	"HDMTX_MP-7 pair"	"Expression profiling by array"	"Homo sapiens"	2				12704389		"William E Evans"	"Apr 21, 2003"
GSE215	"HDMTX_MP-8 pair"	"Expression profiling by array"	"Homo sapiens"	2				12704389		"William E Evans"	"Apr 21, 2003"
GSE216	"HDMTX_MP-9 pair"	"Expression profiling by array"	"Homo sapiens"	2				12704389		"William E Evans"	"Apr 21, 2003"
GSE217	"HDMTX-1 pair"	"Expression profiling by array"	"Homo sapiens"	2				12704389		"William E Evans"	"Apr 21, 2003"
GSE218	"HDMTX-10 pair"	"Expression profiling by array"	"Homo sapiens"	2				12704389		"William E Evans"	"Apr 21, 2003"
GSE219	"HDMTX-11 pair"	"Expression profiling by array"	"Homo sapiens"	2				12704389		"William E Evans"	"Apr 21, 2003"
GSE220	"HDMTX-12 pair"	"Expression profiling by array"	"Homo sapiens"	2				12704389		"William E Evans"	"Apr 21, 2003"
GSE221	"HDMTX-13 pair"	"Expression profiling by array"	"Homo sapiens"	2				12704389		"William E Evans"	"Apr 21, 2003"
GSE222	"HDMTX-14 pair"	"Expression profiling by array"	"Homo sapiens"	2				12704389		"William E Evans"	"Apr 21, 2003"
GSE223	"HDMTX-15 pair"	"Expression profiling by array"	"Homo sapiens"	2				12704389		"William E Evans"	"Apr 21, 2003"
GSE224	"HDMTX-16 pair"	"Expression profiling by array"	"Homo sapiens"	2				12704389		"William E Evans"	"Apr 21, 2003"
GSE225	"HDMTX-17 pair"	"Expression profiling by array"	"Homo sapiens"	2				12704389		"William E Evans"	"Apr 21, 2003"
GSE226	"HDMTX-18 pair"	"Expression profiling by array"	"Homo sapiens"	2				12704389		"William E Evans"	"Apr 21, 2003"
GSE227	"HDMTX-19 pair"	"Expression profiling by array"	"Homo sapiens"	2				12704389		"William E Evans"	"Apr 21, 2003"
GSE228	"HDMTX-2 pair"	"Expression profiling by array"	"Homo sapiens"	2				12704389		"William E Evans"	"Apr 21, 2003"
GSE229	"HDMTX-20 pair"	"Expression profiling by array"	"Homo sapiens"	2				12704389		"William E Evans"	"Apr 21, 2003"
GSE230	"HDMTX-21 pair"	"Expression profiling by array"	"Homo sapiens"	2				12704389		"William E Evans"	"Apr 21, 2003"
GSE231	"HDMTX-22 pair"	"Expression profiling by array"	"Homo sapiens"	2				12704389		"William E Evans"	"Apr 21, 2003"
GSE232	"HDMTX-3 pair"	"Expression profiling by array"	"Homo sapiens"	2				12704389		"William E Evans"	"Apr 21, 2003"
GSE233	"HDMTX-4 pair"	"Expression profiling by array"	"Homo sapiens"	2				12704389		"William E Evans"	"Apr 21, 2003"
GSE234	"HDMTX-5 pair"	"Expression profiling by array"	"Homo sapiens"	2				12704389		"William E Evans"	"Apr 21, 2003"
GSE235	"HDMTX-6 pair"	"Expression profiling by array"	"Homo sapiens"	2				12704389		"William E Evans"	"Apr 21, 2003"
GSE236	"HDMTX-7 pair"	"Expression profiling by array"	"Homo sapiens"	2				12704389		"William E Evans"	"Apr 21, 2003"
GSE237	"HDMTX-8 pair"	"Expression profiling by array"	"Homo sapiens"	2				12704389		"William E Evans"	"Apr 21, 2003"
GSE238	"HDMTX-9 pair"	"Expression profiling by array"	"Homo sapiens"	2				12704389		"William E Evans"	"Apr 21, 2003"
GSE239	"LDMTX_MP-1 pair"	"Expression profiling by array"	"Homo sapiens"	2				12704389		"William E Evans"	"Apr 21, 2003"
GSE240	"LDMTX_MP-10 pair"	"Expression profiling by array"	"Homo sapiens"	2				12704389		"William E Evans"	"Apr 21, 2003"
GSE241	"LDMTX_MP-11 pair"	"Expression profiling by array"	"Homo sapiens"	2				12704389		"William E Evans"	"Apr 21, 2003"
GSE242	"LDMTX_MP-12 pair"	"Expression profiling by array"	"Homo sapiens"	2				12704389		"William E Evans"	"Apr 21, 2003"
GSE243	"LDMTX_MP-13 pair"	"Expression profiling by array"	"Homo sapiens"	2				12704389		"William E Evans"	"Apr 21, 2003"
GSE244	"LDMTX_MP-14  pair"	"Expression profiling by array"	"Homo sapiens"	2				12704389		"William E Evans"	"Apr 21, 2003"
GSE245	"LDMTX_MP-15 pair"	"Expression profiling by array"	"Homo sapiens"	2				12704389		"William E Evans"	"Apr 21, 2003"
GSE246	"LDMTX_MP-16 pair"	"Expression profiling by array"	"Homo sapiens"	2				12704389		"William E Evans"	"Apr 21, 2003"
GSE247	"LDMTX_MP-2 pair"	"Expression profiling by array"	"Homo sapiens"	2				12704389		"William E Evans"	"Apr 21, 2003"
GSE248	"LDMTX_MP-3 pair"	"Expression profiling by array"	"Homo sapiens"	2				12704389		"William E Evans"	"Apr 21, 2003"
GSE249	"LDMTX_MP-4 pair"	"Expression profiling by array"	"Homo sapiens"	2				12704389		"William E Evans"	"Apr 21, 2003"
GSE250	"LDMTX_MP-5 pair"	"Expression profiling by array"	"Homo sapiens"	2				12704389		"William E Evans"	"Apr 21, 2003"
GSE251	"LDMTX_MP-6 pair"	"Expression profiling by array"	"Homo sapiens"	2				12704389		"William E Evans"	"Apr 21, 2003"
GSE252	"LDMTX_MP-7 pair"	"Expression profiling by array"	"Homo sapiens"	2				12704389		"William E Evans"	"Apr 21, 2003"
GSE253	"LDMTX_MP-8 pair"	"Expression profiling by array"	"Homo sapiens"	2				12704389		"William E Evans"	"Apr 21, 2003"
GSE254	"LDMTX_MP-9 pair"	"Expression profiling by array"	"Homo sapiens"	2				12704389		"William E Evans"	"Apr 21, 2003"
GSE255	"MP-1 pair"	"Expression profiling by array"	"Homo sapiens"	2				12704389		"William E Evans"	"Apr 21, 2003"
GSE256	"MP-10 pair"	"Expression profiling by array"	"Homo sapiens"	2				12704389		"William E Evans"	"Apr 21, 2003"
GSE257	"MP-11 pair"	"Expression profiling by array"	"Homo sapiens"	2				12704389		"William E Evans"	"Apr 21, 2003"
GSE258	"MP-12 pair"	"Expression profiling by array"	"Homo sapiens"	2				12704389		"William E Evans"	"Apr 21, 2003"
GSE259	"MP-2 pair"	"Expression profiling by array"	"Homo sapiens"	2				12704389		"William E Evans"	"Apr 21, 2003"
GSE260	"MP-3 pair"	"Expression profiling by array"	"Homo sapiens"	2				12704389		"William E Evans"	"Apr 21, 2003"
GSE261	"MP-4 pair"	"Expression profiling by array"	"Homo sapiens"	2				12704389		"William E Evans"	"Apr 21, 2003"
GSE262	"MP-5 pair"	"Expression profiling by array"	"Homo sapiens"	2				12704389		"William E Evans"	"Apr 21, 2003"
GSE263	"MP-6 pair"	"Expression profiling by array"	"Homo sapiens"	2				12704389		"William E Evans"	"Apr 21, 2003"
GSE264	"MP-7 pair"	"Expression profiling by array"	"Homo sapiens"	2				12704389		"William E Evans"	"Apr 21, 2003"
GSE265	"MP-8 pair"	"Expression profiling by array"	"Homo sapiens"	2				12704389		"William E Evans"	"Apr 21, 2003"
GSE266	"MP-9 pair"	"Expression profiling by array"	"Homo sapiens"	2				12704389		"William E Evans"	"Apr 21, 2003"
GSE267	"LDMTX_MP"	"Expression profiling by array"	"Homo sapiens"	16				12704389		"William E Evans"	"Apr 21, 2003"
GSE268	"HDMTX"	"Expression profiling by array"	"Homo sapiens"	22				12704389		"William E Evans"	"Apr 21, 2003"
GSE269	"HDMTX_MP"	"Expression profiling by array"	"Homo sapiens"	10				12704389		"William E Evans"	"Apr 21, 2003"
GSE270	"MP"	"Expression profiling by array"	"Homo sapiens"	12				12704389		"William E Evans"	"Apr 21, 2003"
GSE412	"Treatment-specific changes in gene expression discriminate in vivo drug response in human leukemia cells"	"Expression profiling by array"	"Homo sapiens"	120				12704389		"William E Evans"	"Apr 21, 2003"
GSE403	"cAMP-induced differentiation of endometrial stromal cells"	"Expression profiling by array"	"Homo sapiens"	12				14532334		"Said Talbi"	"Apr 14, 2003"
GSE112	"Distinctive gene expression patterns in gastrointestinal stromal tumors identified with cDNA arrays"	"Expression profiling by array"	"Homo sapiens"	94						"Wolfgang Huber"	"Apr 10, 2003"
GSE362	"Normal human muscle - U133 arrays"	"Expression profiling by array"	"Homo sapiens"	30	GDS287;GDS288			12783983		"Stephen Welle"	"Apr 03, 2003"
GSE364	"Molecular profiling of human hepatocarcinogenesis"	"Expression profiling by array"	"Homo sapiens"	87	GDS274			12640447		"Xin Wei Wang"	"Apr 03, 2003"
GSE356	"cDNA array 6800 genes (NIB) - HaCaT J10 24h - 0.5&2 Gy"	"Expression profiling by array"	"Homo sapiens"	5						"Jerome Lamartine"	"Mar 26, 2003"
GSE360	"Macrophages and dendritic cells exposed to phylogenetically distinct parasites"	"Expression profiling by array"	"Homo sapiens"	28				12663451		"Damien Chaussabel"	"Mar 26, 2003"
GSE354	"cDNA array 2304 genes (OSPE) - HaCaT J10 24h - 0.5& 2 Gy"	"Expression profiling by array"	"Homo sapiens"	7						"Jerome Lamartine"	"Mar 25, 2003"
GSE344	"Spotted long oligonucleotide arrays"	"Expression profiling by array"	"Homo sapiens"	23	GDS222;GDS223	"CEL"	"ftp://ftp.ncbi.nlm.nih.gov/geo/series/GSEnnn/GSE344/suppl"	12805270		"David J Erle"	"Mar 18, 2003"
GSE338	"cDNA array 6800 genes (NIB) - HaCaT J10 3h - 0.5&2 Gy"	"Expression profiling by array"	"Homo sapiens"	4						"Jerome Lamartine"	"Mar 13, 2003"
GSE336	"HaCaT keratinocytes day3 vs HaCaT keratinocytes day10"	"Expression profiling by array"	"Homo sapiens"	6						"Jerome Lamartine"	"Mar 11, 2003"
GSE337	"cDNA array 2304 genes (OSPE) - HaCaT J10 3h - 0.5&2 Gy"	"Expression profiling by array"	"Homo sapiens"	8						"Jerome Lamartine"	"Mar 11, 2003"
GSE105	"Lipopolysaccharide-stimulated neutrophils"	"Expression profiling by array"	"Homo sapiens"	6				12495940		"K C Malcolm"	"Mar 10, 2003"
GSE282	"Interferon induction by shRNA"	"Expression profiling by array"	"Homo sapiens"	2	GDS201			12796781		"Richard Iggo"	"Feb 21, 2003"
GSE281	"Inflammatory myopathy"	"Expression profiling by array"	"Homo sapiens"	12	GDS198			12391344		"Steven Alan Greenberg"	"Feb 12, 2003"
GSE278	"Pancreas and islet gene expression"	"Expression profiling by SAGE"	"Homo sapiens"	3						"Corentin Cras-Méneur"	"Feb 05, 2003"
GSE121	"Type 2 diabetes and insulin resistance"	"Expression profiling by array"	"Homo sapiens"	50	GDS157;GDS158;GDS160;GDS161;GDS162			12436343		"Paska Permana"	"Dec 17, 2002"
GSE88	"Bladder tumour recurrence prediction"	"Expression profiling by array"	"Homo sapiens"	31		"CEL"	"ftp://ftp.ncbi.nlm.nih.gov/geo/series/GSEnnn/GSE88/suppl"	12469123		"Lars Dyrskjot"	"Dec 08, 2002"
GSE89	"Bladder tumour stage classification"	"Expression profiling by array"	"Homo sapiens"	40	GDS183	"CEL"	"ftp://ftp.ncbi.nlm.nih.gov/geo/series/GSEnnn/GSE89/suppl"	12469123		"Lars Dyrskjot"	"Dec 08, 2002"
GSE96	"Large-scale analysis of the human transcriptome"	"Expression profiling by array"	"Homo sapiens"	85	GDS181	"CEL"	"ftp://ftp.ncbi.nlm.nih.gov/geo/series/GSEnnn/GSE96/suppl"	11904358		"John R Walker"	"Dec 06, 2002"
GSE90	"Expression profiling by p53 status"	"Expression profiling by array"	"Homo sapiens"	12	GDS170			12438652		"Fred A Wright"	"Nov 25, 2002"
GSE64	"Insulin sensitive muscle sample pool 1"	"Expression profiling by array"	"Homo sapiens"	5				12436343		"Paska Permana"	"Aug 26, 2002"
GSE65	"Insulin sensitive muscle sample pool 2"	"Expression profiling by array"	"Homo sapiens"	5				12436343		"Paska Permana"	"Aug 26, 2002"
GSE66	"Insulin sensitive muscle sample pool 3"	"Expression profiling by array"	"Homo sapiens"	5				12436343		"Paska Permana"	"Aug 26, 2002"
GSE67	"Insulin sensitive muscle sample pool 4"	"Expression profiling by array"	"Homo sapiens"	5				12436343		"Paska Permana"	"Aug 26, 2002"
GSE68	"Insulin sensitive muscle sample pool 5"	"Expression profiling by array"	"Homo sapiens"	5				12436343		"Paska Permana"	"Aug 26, 2002"
GSE69	"Insulin resistant muscle sample pool 1"	"Expression profiling by array"	"Homo sapiens"	5				12436343		"Paska Permana"	"Aug 26, 2002"
GSE70	"Insulin resistant muscle sample pool 2"	"Expression profiling by array"	"Homo sapiens"	5				12436343		"Paska Permana"	"Aug 26, 2002"
GSE71	"Insulin resistant muscle sample pool 3"	"Expression profiling by array"	"Homo sapiens"	5				12436343		"Paska Permana"	"Aug 26, 2002"
GSE72	"Insulin resistant muscle sample pool 4"	"Expression profiling by array"	"Homo sapiens"	5				12436343		"Paska Permana"	"Aug 26, 2002"
GSE73	"Insulin resistant muscle sample pool 5"	"Expression profiling by array"	"Homo sapiens"	5				12436343		"Paska Permana"	"Aug 26, 2002"
GSE80	"Normal human muscle"	"Expression profiling by array"	"Homo sapiens"	12	GDS156	"CEL"	"ftp://ftp.ncbi.nlm.nih.gov/geo/series/GSEnnn/GSE80/suppl"	12204100		"Stephen Welle"	"Aug 21, 2002"
GSE43	"Antibody Arrays Figure 1"	"Protein profiling by protein array"	"Homo sapiens"	6				11182887		"Stanford Microarray Database (SMD)"	"Jun 27, 2002"
GSE44	"Antibody Arrays Figure 7"	"Protein profiling by protein array"	"Homo sapiens"	6				11182887		"Stanford Microarray Database (SMD)"	"Jun 27, 2002"
GSE45	"Antibody Arrays Figures 2, 4 and 6"	"Protein profiling by protein array"	"Homo sapiens"	6				11182887		"Stanford Microarray Database (SMD)"	"Jun 27, 2002"
GSE46	"Antibody Arrays Figure 6 10X FCS"	"Protein profiling by protein array"	"Homo sapiens"	6				11182887		"Stanford Microarray Database (SMD)"	"Jun 27, 2002"
GSE47	"Antibody Arrays Figure 6 100X FCS"	"Protein profiling by protein array"	"Homo sapiens"	6				11182887		"Stanford Microarray Database (SMD)"	"Jun 27, 2002"
GSE48	"Secreted and membrane-associated genes"	"Expression profiling by array"	"Homo sapiens"	1				10802657		"Stanford Microarray Database (SMD)"	"Jun 27, 2002"
GSE49	"DNA copy-number changes"	"Genome variation profiling by array"	"Homo sapiens"	10				10471496		"Stanford Microarray Database (SMD)"	"Jun 27, 2002"
GSE50	"Antibody Array Figures"	"Protein profiling by protein array"	"Homo sapiens"	30				11182887		"Stanford Microarray Database (SMD)"	"Jun 27, 2002"
GSE53	"Human mammary epithelium and breast cancer"	"Expression profiling by array"	"Homo sapiens"	26				10430922		"Stanford Microarray Database (SMD)"	"Jun 27, 2002"
GSE55	"Serum stimulation of fibroblasts experiment set"	"Expression profiling by array"	"Homo sapiens"	12				9872747		"Stanford Microarray Database (SMD)"	"Jun 27, 2002"
GSE56	"Serum stimulation of fibroblasts with cycloheximide"	"Expression profiling by array"	"Homo sapiens"	4	GDS145			9872747		"Stanford Microarray Database (SMD)"	"Jun 27, 2002"
GSE57	"Serum stimulation of fibroblasts controls"	"Expression profiling by array"	"Homo sapiens"	2				9872747		"Stanford Microarray Database (SMD)"	"Jun 27, 2002"
GSE58	"Serum stimulation of fibroblasts"	"Expression profiling by array"	"Homo sapiens"	18	GDS85;GDS86			9872747		"Stanford Microarray Database (SMD)"	"Jun 27, 2002"
GSE59	"Human cancer cell lines"	"Expression profiling by array"	"Homo sapiens"	68	GDS88			10700174		"Stanford Microarray Database (SMD)"	"Jun 27, 2002"
GSE60	"Diffuse large B-cell lymphoma"	"Expression profiling by array"	"Homo sapiens"	133				10676951		"Stanford Microarray Database (SMD)"	"Jun 27, 2002"
GSE61	"Molecular portraits of human breast tumors"	"Expression profiling by array"	"Homo sapiens"	84				10963602		"Stanford Microarray Database (SMD)"	"Jun 27, 2002"
GSE62	"mRNAs translated at eIF4F"	"Expression profiling by array"	"Homo sapiens"	6				10557283		"Stanford Microarray Database (SMD)"	"Jun 27, 2002"
GSE41	"Effects of estrogen"	"Expression profiling by SAGE"	"Homo sapiens"	4				11085516		"C Marcelo Aldaz"	"May 21, 2002"
GSE40	"Clontech RNA samples"	"Expression profiling by array"	"Homo sapiens"	5						"Richard Rouse"	"May 14, 2002"
GSE31	"SAGE profiles from cultured keratinocytes and human epidermis"	"Expression profiling by SAGE"	"Homo sapiens"	5				11772949;11168793		"Bastiaan Jansen"	"Feb 22, 2002"
GSE16	"Microarray-based CGH in human cancer cell lines"	"Genome variation profiling by genome tiling array"	"Homo sapiens"	25				11687795		"Donna G Albertson"	"Feb 12, 2002"
GSE17	"Young and old muscle comparison"	"Expression profiling by SAGE"	"Homo sapiens"	2				10904065		"Stephen Welle"	"Feb 01, 2002"
GSE14	"Cancer Genome Anatomy Project (CGAP) SAGE Libraries"	"Expression profiling by SAGE"	"Homo sapiens;Mus musculus"	765				11257097;12119410		"Cancer Genome Anatomy Project CGAP"	"Nov 29, 2001"
GSE10	"eye-SAGE"	"Expression profiling by SAGE"	"Homo sapiens"	4				11756676		"Dror Sharon"	"Oct 03, 2001"
GSE3	"Renal Cell Carcinoma Differential Expression"	"Expression profiling by array"	"Homo sapiens"	342				11691851		"Wolfgang Huber"	"Jul 19, 2001"
GSE1	"NHGRI_Melanoma_class"	"Expression profiling by array"	"Homo sapiens"	38				10952317		"Michael Bittner"	"Jan 22, 2001"
